{"final_r2_score":0.5747350292441286,"model_parameters":1820816,"train_loss":0.001513591168137888,"inference_time_ms":3.7816214561462402,"final_mse":0.001745610381476581,"final_psnr":27.56911849975586,"memory_usage_mb":2786.88671875,"_timestamp":1.7394779358469412e+09,"_step":45,"final_mae":0.02208484709262848,"peak_detection_accuracy":0.4734784321095986,"val_loss":0.0017454548102493089,"_wandb":{"runtime":556},"epoch":45,"learning_rate":0.000125,"_runtime":556.0029584}