{"train_loss":0.0017193974575881537,"val_loss":0.001774440649120758,"_step":178,"model_parameters":1174560,"peak_detection_accuracy":0.41598675878911606,"_timestamp":1.7394133644072251e+09,"learning_rate":3.125e-05,"final_r2_score":0.5637160186414365,"memory_usage_mb":1830.69140625,"_runtime":5031.7894786,"final_mae":0.02248750440776348,"final_mse":0.0017743634525686502,"inference_time_ms":13.65654706954956,"_wandb":{"runtime":5032},"final_psnr":27.44565200805664,"epoch":178}