{"learning_rate":0.00025,"_step":85,"_timestamp":1.7394143920168374e+09,"val_loss":0.0018378646958929798,"model_parameters":1726688,"epoch":85,"final_mae":0.022223474457859993,"memory_usage_mb":2724.0234375,"final_psnr":27.354434967041016,"peak_detection_accuracy":0.48717887272810056,"_wandb":{"runtime":619},"_runtime":619.0977777,"final_mse":0.001837775344029069,"train_loss":0.001380933375233629,"inference_time_ms":2.3667335510253906,"final_r2_score":0.5498620764708814}