{"_runtime":705.5308572,"model_parameters":336672,"train_loss":0.0024847128849476577,"learning_rate":0.0005,"epoch":70,"final_r2_score":0.45036566257476807,"_step":78,"MSE_4_peaks":0.002225798089057207,"peak_detection_accuracy":0.3478830702604137,"inference_time_ms":0.8392095565795898,"memory_usage_mb":1046.23046875,"final_mse":0.0024739177897572517,"final_mae":0.026845034211874008,"_timestamp":1.739403541645039e+09,"final_psnr":24.55482292175293,"MSE_1_peaks":0.002691153436899185,"MSE_2_peaks":0.0015664903912693262,"val_loss":0.002473422528479617,"MSE_3_peaks":0.0026245645713061094,"_wandb":{"runtime":705}}