{"_timestamp":1.7394891297062328e+09,"model_parameters":1820816,"train_loss":0.0015860970434732734,"learning_rate":1.5625e-05,"final_mae":0.02217685617506504,"memory_usage_mb":2743.765625,"_runtime":1352.9604966,"val_loss":0.0016109339745404819,"_wandb":{"runtime":1353},"_step":103,"inference_time_ms":3.9121699333190922,"epoch":103,"final_mse":0.0017387659754604101,"peak_detection_accuracy":0.4314700142990319,"final_r2_score":0.5766951353461655,"final_psnr":27.57927894592285}