{"train_loss":0.0022647842272029567,"val_loss":0.002303593405522406,"_timestamp":1.7392341386484423e+09,"_runtime":43.8889569,"_step":9,"_wandb":{"runtime":43},"epoch":10}