{"_runtime":3897.4516997,"_step":137,"epoch":136,"train_loss":0.0017182551881220812,"val_loss":0.0018030095744567612,"learning_rate":6.25e-05,"_timestamp":1.7393189098355365e+09,"_wandb":{"runtime":3898}}