{"model_parameters":411616,"epoch":48,"final_mse":0.0019275302765890956,"final_psnr":26.716064453125,"_step":48,"_runtime":199.3595783,"final_r2_score":0.5475992560386658,"final_mae":0.023870034143328667,"val_loss":0.0019270573385680716,"learning_rate":0.00025,"_timestamp":1.7394072208433266e+09,"_wandb":{"runtime":199},"train_loss":0.0015573535133929302,"memory_usage_mb":2329.73046875,"peak_detection_accuracy":0.4663496708119971,"inference_time_ms":0.9513688087463379}