{"_wandb":{"runtime":83},"_runtime":82.4553068,"_step":9,"epoch":10,"train_loss":0.0022536451171617953,"val_loss":0.0024379924956398707,"_timestamp":1.739237786489915e+09}