{"model_parameters":1754192,"final_r2_score":-0.49818207010810756,"final_mae":0.03132592514157295,"peak_detection_accuracy":0.06770962708004759,"final_mse":0.00614624610170722,"_step":84,"epoch":24,"final_psnr":22.10223388671875,"inference_time_ms":3.6943459510803223,"train_loss":0.00274801384153155,"_wandb":{"runtime":978},"memory_usage_mb":2814.12890625,"val_loss":0.006104784087898831,"_runtime":977.8883503,"learning_rate":0.0005,"_timestamp":1.7394770498993647e+09}