{"epoch":32,"peak_detection_accuracy":0.48239754942646784,"final_psnr":27.117874145507812,"train_loss":0.0013803028281351242,"val_loss":0.0019252743975569804,"final_r2_score":0.5332047865714555,"model_parameters":1823520,"_wandb":{"runtime":497},"_step":32,"_timestamp":1.7394755898530908e+09,"_runtime":496.6389087,"inference_time_ms":4.6634745597839355,"memory_usage_mb":2754.6484375,"final_mse":0.0019246218726038933,"final_mae":0.02258943021297455,"learning_rate":0.000125}