{"train_loss":0.0018034228744606177,"epoch":22,"peak_detection_accuracy":0.43716542762019545,"learning_rate":0.00025,"inference_time_ms":3.3325839042663574,"final_mae":0.025460226461291313,"final_r2_score":-1.4212696890772125,"_step":22,"model_parameters":1754192,"val_loss":0.009847689579085757,"_timestamp":1.739473366483616e+09,"final_mse":0.009855679236352444,"_runtime":246.2895647,"memory_usage_mb":2732.75,"final_psnr":20.035362243652344,"_wandb":{"runtime":246}}