{"val_loss":0.0018454388009073834,"learning_rate":0.00025,"_timestamp":1.7393198614174495e+09,"_runtime":338.2768823,"_step":93,"_wandb":{"runtime":338},"epoch":94,"train_loss":0.0018072158571643133}