{"_timestamp":1.7392353392350035e+09,"_runtime":300.8466366,"_step":9,"epoch":10,"train_loss":0.0023897867649793625,"val_loss":0.0023411963825734953,"_wandb":{"runtime":300}}