{"_wandb":{"runtime":340},"memory_usage_mb":2705.08203125,"_runtime":339.704402,"final_r2_score":0.5554843338919274,"final_mse":0.00181883096229285,"epoch":84,"val_loss":0.0018192585837095976,"train_loss":0.0018142314782987037,"final_psnr":27.38829803466797,"peak_detection_accuracy":0.40803614218558426,"learning_rate":0.000125,"model_parameters":382816,"_timestamp":1.7394137364271545e+09,"inference_time_ms":0.9940505027770997,"final_mae":0.022686336189508438,"_step":84}