{"_step":9,"_wandb":{"runtime":45},"epoch":10,"train_loss":0.002172201524178187,"val_loss":0.002166508674466362,"_timestamp":1.7392363524869707e+09,"_runtime":45.3615143}