{"_step":9,"epoch":10,"_wandb":{"runtime":98},"train_loss":0.0024621154263149946,"val_loss":0.0023946517356671394,"_timestamp":1.7392370554597278e+09,"_runtime":97.8447405}