{"_runtime":205.606263,"_step":51,"epoch":52,"_wandb":{"runtime":205},"train_loss":0.0014718052612928052,"val_loss":0.0020396747595320145,"learning_rate":0.00025,"_timestamp":1.7393246977847173e+09}