{"_runtime":1009.6565385,"_step":108,"epoch":109,"train_loss":0.0018051680218195542,"_wandb":{"runtime":1009},"val_loss":0.001910255569188545,"learning_rate":6.25e-05,"_timestamp":1.7393223466957204e+09}