{"_runtime":1056.6370026,"final_mse":0.00189450872130692,"inference_time_ms":4.2011189460754395,"model_parameters":348064,"peak_detection_accuracy":0.4247257306167604,"val_loss":0.0018947321696517368,"epoch":112,"_timestamp":1.7394067785426066e+09,"_step":112,"memory_usage_mb":2331.00390625,"final_psnr":27.14535140991211,"learning_rate":0.000125,"final_r2_score":0.5560096502304077,"train_loss":0.0017652039266734694,"final_mae":0.023450588807463646,"_wandb":{"runtime":1056}}