{"final_psnr":24.046201705932617,"peak_detection_accuracy":0.1859848138322203,"_timestamp":1.7394057059699545e+09,"final_mse":0.003193483455106616,"learning_rate":0.001,"epoch":1,"inference_time_ms":4.163904190063477,"final_r2_score":0.2507738471031189,"val_loss":0.00319357562965403,"_step":1,"_runtime":21.0772733,"memory_usage_mb":2337.7578125,"_wandb":{"runtime":21},"model_parameters":348064,"final_mae":0.03407654911279678,"train_loss":0.003268765580918019}