{"peak_detection_accuracy":0.41506551361436206,"final_mse":0.0017739320173859596,"model_parameters":1196680,"learning_rate":0.0005,"train_loss":0.0017126879214386765,"val_loss":0.0017736524196031193,"final_psnr":27.480287551879883,"memory_usage_mb":2719.3125,"final_mae":0.022188693284988403,"_runtime":1607.5779271,"_step":50,"epoch":50,"_timestamp":1.7394726731162457e+09,"inference_time_ms":15.913252830505373,"_wandb":{"runtime":1608},"final_r2_score":0.5660741998825545}