{"epoch":53,"memory_usage_mb":2749.9609375,"model_parameters":1820816,"_wandb":{"runtime":643},"_runtime":642.9329818,"peak_detection_accuracy":0.4459643096604864,"_step":53,"learning_rate":0.0005,"inference_time_ms":4.066789150238037,"final_mae":0.021769201382994652,"final_psnr":27.645092010498047,"val_loss":0.001782783802288274,"_timestamp":1.739479809958494e+09,"final_mse":0.001715338439680636,"train_loss":0.0015221531945280732,"final_r2_score":0.5822669068972269}