{"val_loss":0.002326732624787837,"_timestamp":1.7392344339328458e+09,"_runtime":40.598688,"_step":9,"epoch":10,"train_loss":0.0022653022540422775,"_wandb":{"runtime":40}}