{"final_r2_score":0.452301561832428,"final_psnr":24.570144653320312,"peak_detection_accuracy":0.35702319220468404,"learning_rate":6.25e-05,"MSE_2_peaks":0.00188488292042166,"MSE_4_peaks":0.002012882148846984,"epoch":100,"inference_time_ms":0.8699941635131836,"model_parameters":336672,"train_loss":0.002472641647607088,"val_loss":0.002464737131679877,"_wandb":{"runtime":923},"memory_usage_mb":997.95703125,"final_mae":0.026723919436335564,"final_mse":0.0024652043357491493,"_timestamp":1.7394045446531594e+09,"MSE_3_peaks":0.0027186130173504353,"_step":104,"MSE_1_peaks":0.0019770609214901924,"_runtime":923.6757528}