{"final_mae":0.02158418856561184,"memory_usage_mb":2797.68359375,"train_loss":0.0015137457149103284,"_runtime":558.9869089,"final_mse":0.001759365783073008,"_step":52,"model_parameters":1754192,"_timestamp":1.7394740694606879e+09,"epoch":52,"val_loss":0.0017594647671406469,"final_r2_score":0.5711343626917145,"inference_time_ms":3.6542749404907227,"learning_rate":0.000125,"_wandb":{"runtime":559},"peak_detection_accuracy":0.46706167820800104,"final_psnr":27.534772872924805}